Silhouette Score,Davies-Bouldin Score,Calinski-Harabasz Score
0.27713559977300645,1.3921712473959102,79.89950188892988
