Silhouette Score,Davies-Bouldin Score,Calinski-Harabasz Score
0.47045655202957437,0.39594362349378937,5.626726615899541
