Silhouette Score,Davies-Bouldin Score,Calinski-Harabasz Score
0.15339574963355082,1.377812467210116,30.27848146330994
