Silhouette Score,Davies-Bouldin Score,Calinski-Harabasz Score
0.14445045379113056,1.387837032249009,30.859382977652437
