Silhouette Score,Davies Bouldin Score,Calinski-Harabasz Score
0.13378218023397193,1.4161542373755442,30.047560753511995
