Silhouette Score,Davies-Bouldin Score,Calinski-Harabasz Score
0.13159604063152913,1.4771755275394702,27.13454460932674
