Silhouette Score,Davies Bouldin Score,Calinski-Harabasz Score
0.10270526669970957,1.6890231769523887,24.54399258851952
