Silhouette Score,Davies Bouldin Score,Calinski-Harabasz Score
0.1836396020294141,0.9939761328548478,20.086338496102684
